{"status": 0, "compile": 0.0, "insertion_total": [47.81314, 51.16692, 50.96861, 52.97548, 54.43227, 54.34385, 50.25642, 49.2191, 46.55749, 57.35572, 51.78145, 52.68817, 47.05607, 47.17953, 51.07008, 50.85248, 52.03024, 49.91236, 45.86345, 48.14687, 46.42368, 50.52836, 48.23042, 51.29281, 51.42337, 39.8428, 50.00065, 45.76203, 46.41062, 52.91476, 53.84817, 51.24225, 53.97668, 49.873, 49.93081, 48.98386, 51.05488, 45.93939, 51.0132, 44.91753, 49.54901, 51.40728, 49.07846, 48.97969, 52.1713, 57.84916, 48.10266, 54.8329, 46.83837, 48.8801, 60.27306, 56.0428, 46.89711, 43.92235, 52.06396, 49.15999, 55.71227, 47.10635, 48.84745, 52.08415, 50.00285, 49.1331, 49.73169, 58.08471, 51.95657, 49.15877, 49.79762, 56.97859, 46.06028, 45.92477, 48.01181, 48.73619, 44.19804, 48.27565, 53.874, 51.94521, 49.83273, 51.0332, 59.91894, 44.87231, 50.11619, 50.31619, 178.35363, 121.45445, 47.7978, 52.15236, 49.93098, 47.81796, 43.15864, 49.98141, 48.89567, 51.25994, 51.73874, 55.39169, 52.62033, 55.77408, 55.22551, 52.82382, 47.49503, 50.63126], "insertion_funcs": {"bpf_check": [777.609, 794.363, 762.399, 788.03, 721.168, 1074.303, 756.478, 791.678, 694.737, 767.75, 822.618, 774.223, 773.372, 738.613, 773.281, 783.761, 767.82, 772.039, 750.326, 774.543, 730.127, 759.264, 784.312, 1383.691, 716.609, 776.527, 742.551, 699.356, 775.175, 768.582, 779.544, 753.332, 747.7, 735.858, 702.161, 731.639, 781.337, 765.145, 738.322, 714.105, 800.976, 1209.98, 656.331, 735.095, 691.079, 690.178, 761.989, 688.815, 819.783, 714.495, 1065.365, 1429.833, 742.04, 727.892, 800.114, 1311.469, 801.456, 793.732, 820.755, 1074.083, 762.14, 817.939, 1074.374, 712.491, 1376.858, 810.895, 767.86, 786.858, 794.913, 1024.826, 743.813, 849.551, 772.289, 787.298, 770.917, 758.642, 708.173, 745.978, 732.982, 676.701, 724.636, 759.484, 794.012, 748.502, 771.728, 758.532, 784.703, 738.022, 794.753, 1207.285, 676.611, 763.873, 830.724, 744.173, 753.542, 1041.579, 739.956, 761.137, 690.589, 734.625], "bpf_int_jit_compile": [223.159, 209.161, 195.956, 192.799, 215.073, 240.483, 243.018, 211.346, 213.019, 201.366, 318.246, 215.133, 210.664, 209.623, 262.917, 202.889, 217.939, 200.565, 218.34, 223.941, 214.843, 221.145, 213.701, 305.511, 296.133, 220.003, 257.416, 295.211, 425.557, 212.889, 5030.655, 205.324, 270.993, 205.414, 190.545, 215.394, 202.668, 208.991, 200.013, 268.078, 260.733, 266.023, 452.119, 230.985, 239.1, 241.315, 497.468, 191.917, 222.027, 221.365, 328.696, 421.248, 201.296, 250.343, 210.944, 315.029, 218.61, 201.025, 202.348, 253.96, 197.018, 219.672, 433.152, 210.303, 387.222, 743.813, 206.507, 198.771, 215.313, 264.34, 337.464, 245.413, 213.8, 283.929, 207.307, 226.385, 257.136, 221.145, 218.489, 258.879, 210.084, 219.331, 203.611, 295.602, 208.089, 209.833, 291.654, 239.091, 207.207, 214.963, 258.308, 239.591, 224.842, 207.989, 218.22, 265.903, 205.444, 239.031, 214.803, 185.655]}}