{"status": 0, "compile": 0.0, "insertion_total": [33.753798, 58.144612, 47.992551, 35.957619, 60.017062, 43.985669, 44.018801, 35.964021, 48.015974, 51.977742, 55.99912, 35.981294, 55.997136, 36.001963, 51.987099, 55.975817, 64.031789, 32.001192, 59.959865, 28.005201, 51.98764, 36.016289, 39.989618, 43.972294, 59.995963, 36.031197, 55.976127, 27.971688, 40.005086, 39.98582, 43.966473, 44.036544, 47.947166, 36.020918, 47.988153, 32.014206, 43.962274, 28.013576, 63.967999, 36.005158, 56.026391, 35.96867, 35.991403, 51.984964, 48.134156, 27.88716, 43.981501, 59.959294, 63.98989, 36.013804, 51.979825, 36.025266, 67.969311, 31.993378, 72.035092, 27.945499, 52.002248, 44.002471, 55.98863, 36.014546, 47.955492, 40.030374, 55.96639, 55.990694, 56.01483, 27.993278, 52.017647, 39.972756, 47.985698, 52.010713, 59.975385, 20.007318, 52.017616, 31.989781, 51.964917, 24.024428, 51.972732, 68.024344, 19.972803, 51.999632, 47.994485, 19.993792, 47.98683, 35.99542, 52.028447, 35.989278, 43.965861, 28.009469, 64.01122, 39.992683, 63.961597, 40.009846, 43.974348, 47.990527, 35.991563, 32.051807, 43.981741, 23.964847, 44.01296, 24.146517], "insertion_funcs": {"bpf_check": [29.325, 36.919, 28.904, 30.086, 28.874, 27.632, 29.355, 27.341, 28.974, 32.491, 29.716, 31.919, 30.748, 27.421, 28.544, 27.993, 29.235, 26.069, 29.265, 29.786, 29.495, 32.321, 27.822, 27.581, 28.825, 29.445, 30.848, 30.517, 42.319, 25.197, 28.724, 29.054, 28.053, 30.026, 28.293, 28.023, 27.041, 27.962, 26.991, 30.217, 26.019, 28.884, 32.862, 27.732, 27.241, 36.338, 34.454, 31.88, 27.872, 29.976, 27.742, 31.529, 31.188, 29.054, 25.017, 28.643, 29.105, 32.621, 28.413, 25.588, 26.98, 30.347, 24.286, 29.024, 30.287, 30.448, 32.16, 30.026, 28.804, 30.207, 28.383, 28.974, 30.367, 29.225, 28.063, 35.005, 23.775, 28.624, 30.828, 28.414, 28.533, 31.189, 27.421, 27.992, 25.538, 29.395, 28.113, 31.659, 27.893, 28.634, 26.429, 32.281, 24.345, 29.355, 27.632, 30.337, 24.616, 28.874, 28.924, 27.892], "bpf_int_jit_compile": [71.904, 48.141, 56.757, 63.388, 65.623, 64.08, 56.937, 38.612, 57.898, 53.15, 62.026, 70.101, 58.088, 63.86, 59.702, 64.941, 63.61, 31.539, 44.022, 58.87, 50.886, 63.65, 47.299, 53.771, 62.016, 66.695, 47.168, 59.962, 44.473, 38.963, 61.897, 64.151, 68.398, 51.546, 56.146, 61.415, 55.104, 60.784, 59.292, 65.983, 37.229, 40.576, 57.317, 53.64, 62.427, 31.229, 46.988, 54.953, 46.818, 73.397, 64.912, 74.94, 42.881, 62.337, 59.501, 60.654, 59.562, 67.737, 53.951, 50.846, 73.007, 57.848, 39.374, 50.825, 58.98, 69.841, 63.599, 64.831, 58.53, 59.772, 58.339, 65.283, 54.783, 44.915, 61.746, 68.298, 47.049, 56.846, 67.176, 65.582, 57.558, 55.254, 53.43, 64.46, 54.813, 47.89, 47.138, 66.665, 61.856, 63.358, 64.972, 58.038, 51.657, 42.56, 40.155, 63.639, 31.329, 65.282, 55.023, 59.171]}}